<bpy>
  <Theme>
    <user_interface>
      <ThemeUserInterface
        menu_shadow_fac="0.25"
        menu_shadow_width="12"
        icon_alpha="1"
        icon_saturation="0.4"
        widget_emboss="#48484800"
        editor_outline="#666666"
        widget_text_cursor="#585858"
        panel_roundness="0.4"
        transparent_checker_primary="#333333"
        transparent_checker_secondary="#262626"
        transparent_checker_size="8"
        axis_x="#dc004e"
        axis_y="#00dc8e"
        axis_z="#0087dc"
        gizmo_hi="#000000"
        gizmo_primary="#0087dc"
        gizmo_secondary="#dc004e"
        gizmo_view_align="#ffffff"
        gizmo_a="#4da84d"
        gizmo_b="#a33535"
        icon_scene="#d2d2d2ff"
        icon_collection="#202020ff"
        icon_object="#f4f4f4ff"
        icon_object_data="#9ef2d2ff"
        icon_modifier="#728fc2ff"
        icon_shading="#c27289ff"
        icon_folder="#bda670ff"
        icon_border_intensity="0.35"
        >
        <wcol_regular>
          <ThemeWidgetColors
            outline="#686868ff"
            inner="#686868ff"
            inner_sel="#1cadf4ff"
            item="#1cadf4ff"
            text="#a3b2cc"
            text_sel="#181818"
            show_shaded="FALSE"
            shadetop="0"
            shadedown="0"
            roundness="0.325"
            >
          </ThemeWidgetColors>
        </wcol_regular>
        <wcol_tool>
          <ThemeWidgetColors
            outline="#686868ff"
            inner="#686868ff"
            inner_sel="#1cadf4ff"
            item="#1cadf4ff"
            text="#a3b2cc"
            text_sel="#181818"
            show_shaded="FALSE"
            shadetop="15"
            shadedown="-15"
            roundness="0.325"
            >
          </ThemeWidgetColors>
        </wcol_tool>
        <wcol_toolbar_item>
          <ThemeWidgetColors
            outline="#666666ff"
            inner="#2d2d2dff"
            inner_sel="#041720ff"
            item="#a3b2ccff"
            text="#a3b2cc"
            text_sel="#181818"
            show_shaded="TRUE"
            shadetop="-15"
            shadedown="0"
            roundness="0.325"
            >
          </ThemeWidgetColors>
        </wcol_toolbar_item>
        <wcol_radio>
          <ThemeWidgetColors
            outline="#666666ff"
            inner="#202020ff"
            inner_sel="#1cadf4ff"
            item="#ccccccff"
            text="#a3b2cc"
            text_sel="#181818"
            show_shaded="FALSE"
            shadetop="15"
            shadedown="-15"
            roundness="0.325"
            >
          </ThemeWidgetColors>
        </wcol_radio>
        <wcol_text>
          <ThemeWidgetColors
            outline="#9098a0ff"
            inner="#9098a0ff"
            inner_sel="#757c84ff"
            item="#1cadf4ff"
            text="#181818"
            text_sel="#cccccc"
            show_shaded="FALSE"
            shadetop="0"
            shadedown="25"
            roundness="0.325"
            >
          </ThemeWidgetColors>
        </wcol_text>
        <wcol_option>
          <ThemeWidgetColors
            outline="#181818ff"
            inner="#686868ff"
            inner_sel="#1cadf4ff"
            item="#181818ff"
            text="#a3b2cc"
            text_sel="#cccccc"
            show_shaded="FALSE"
            shadetop="15"
            shadedown="-15"
            roundness="0.325"
            >
          </ThemeWidgetColors>
        </wcol_option>
        <wcol_toggle>
          <ThemeWidgetColors
            outline="#302e2eff"
            inner="#606060ff"
            inner_sel="#1cadf4ff"
            item="#5a5a5aff"
            text="#a3b2cc"
            text_sel="#181818"
            show_shaded="FALSE"
            shadetop="0"
            shadedown="0"
            roundness="0.325"
            >
          </ThemeWidgetColors>
        </wcol_toggle>
        <wcol_num>
          <ThemeWidgetColors
            outline="#484848ff"
            inner="#9098a0ff"
            inner_sel="#1cadf4ff"
            item="#ffffffff"
            text="#202020"
            text_sel="#000000"
            show_shaded="FALSE"
            shadetop="-20"
            shadedown="0"
            roundness="0.325"
            >
          </ThemeWidgetColors>
        </wcol_num>
        <wcol_numslider>
          <ThemeWidgetColors
            outline="#666666ff"
            inner="#b4b4b4ff"
            inner_sel="#a3b2ccff"
            item="#1cadf4ff"
            text="#041720"
            text_sel="#181818"
            show_shaded="FALSE"
            shadetop="-20"
            shadedown="0"
            roundness="1"
            >
          </ThemeWidgetColors>
        </wcol_numslider>
        <wcol_box>
          <ThemeWidgetColors
            outline="#202020ff"
            inner="#2d2d2dff"
            inner_sel="#646464ff"
            item="#181818ff"
            text="#a3b2cc"
            text_sel="#e6e6e6"
            show_shaded="FALSE"
            shadetop="0"
            shadedown="0"
            roundness="0.325"
            >
          </ThemeWidgetColors>
        </wcol_box>
        <wcol_menu>
          <ThemeWidgetColors
            outline="#666666ff"
            inner="#2d2d2dff"
            inner_sel="#1cadf4ff"
            item="#1cadf4ff"
            text="#a3b2cc"
            text_sel="#181818"
            show_shaded="FALSE"
            shadetop="15"
            shadedown="-15"
            roundness="0.325"
            >
          </ThemeWidgetColors>
        </wcol_menu>
        <wcol_pulldown>
          <ThemeWidgetColors
            outline="#18181800"
            inner="#606060ff"
            inner_sel="#1cadf41a"
            item="#ccccccff"
            text="#a3b2cc"
            text_sel="#1cadf4"
            show_shaded="FALSE"
            shadetop="25"
            shadedown="-20"
            roundness="0.325"
            >
          </ThemeWidgetColors>
        </wcol_pulldown>
        <wcol_menu_back>
          <ThemeWidgetColors
            outline="#666666ff"
            inner="#0d151aff"
            inner_sel="#2d2d2de6"
            item="#646464ff"
            text="#a3b2cc"
            text_sel="#cccccc"
            show_shaded="TRUE"
            shadetop="25"
            shadedown="-20"
            roundness="0.325"
            >
          </ThemeWidgetColors>
        </wcol_menu_back>
        <wcol_pie_menu>
          <ThemeWidgetColors
            outline="#666666ff"
            inner="#202020f7"
            inner_sel="#1cadf4ff"
            item="#1cadf4ff"
            text="#a3b2cc"
            text_sel="#181818"
            show_shaded="FALSE"
            shadetop="5"
            shadedown="-5"
            roundness="0.325"
            >
          </ThemeWidgetColors>
        </wcol_pie_menu>
        <wcol_tooltip>
          <ThemeWidgetColors
            outline="#1cadf4ff"
            inner="#191919e6"
            inner_sel="#2d2d2de6"
            item="#646464ff"
            text="#a3b2cc"
            text_sel="#cccccc"
            show_shaded="FALSE"
            shadetop="25"
            shadedown="-20"
            roundness="0.325"
            >
          </ThemeWidgetColors>
        </wcol_tooltip>
        <wcol_menu_item>
          <ThemeWidgetColors
            outline="#ffffff00"
            inner="#18181800"
            inner_sel="#1cadf4ff"
            item="#ccccccff"
            text="#a3b2cc"
            text_sel="#181818"
            show_shaded="FALSE"
            shadetop="38"
            shadedown="0"
            roundness="0.325"
            >
          </ThemeWidgetColors>
        </wcol_menu_item>
        <wcol_scroll>
          <ThemeWidgetColors
            outline="#383838ff"
            inner="#191919b4"
            inner_sel="#1cadf4ff"
            item="#808080ff"
            text="#a3b2cc"
            text_sel="#cccccc"
            show_shaded="FALSE"
            shadetop="5"
            shadedown="-5"
            roundness="1"
            >
          </ThemeWidgetColors>
        </wcol_scroll>
        <wcol_progress>
          <ThemeWidgetColors
            outline="#181818ff"
            inner="#bebebeff"
            inner_sel="#646464b4"
            item="#1cadf4ff"
            text="#0b0b0b"
            text_sel="#cccccc"
            show_shaded="FALSE"
            shadetop="5"
            shadedown="-5"
            roundness="0.325"
            >
          </ThemeWidgetColors>
        </wcol_progress>
        <wcol_list_item>
          <ThemeWidgetColors
            outline="#181818ff"
            inner="#18181800"
            inner_sel="#1cadf480"
            item="#5a5a5aff"
            text="#a3b2cc"
            text_sel="#1cadf4"
            show_shaded="FALSE"
            shadetop="0"
            shadedown="0"
            roundness="0.3"
            >
          </ThemeWidgetColors>
        </wcol_list_item>
        <wcol_state>
          <ThemeWidgetStateColors
            inner_anim="#359971"
            inner_anim_sel="#1cf4af"
            inner_key="#b3ae36"
            inner_key_sel="#d7d34b"
            inner_driven="#b400ff"
            inner_driven_sel="#9900e6"
            inner_overridden="#19c3c3"
            inner_overridden_sel="#118f8f"
            inner_changed="#cc7529"
            inner_changed_sel="#e6852d"
            blend="0.3"
            >
          </ThemeWidgetStateColors>
        </wcol_state>
        <wcol_tab>
          <ThemeWidgetColors
            outline="#666666ff"
            inner="#2d2d2dff"
            inner_sel="#1cadf4ff"
            item="#1cadf4ff"
            text="#a3b2cc"
            text_sel="#000000"
            show_shaded="TRUE"
            shadetop="-15"
            shadedown="0"
            roundness="0.325"
            >
          </ThemeWidgetColors>
        </wcol_tab>
      </ThemeUserInterface>
    </user_interface>
    <view_3d>
      <ThemeView3D
        grid="#000000ff"
        clipping_border_3d="#313131ff"
        wire="#393939"
        wire_edit="#282828"
        edge_width="2"
        gp_vertex="#292929"
        gp_vertex_select="#1cadf4"
        gp_vertex_size="3"
        text_grease_pencil="#b5e61d"
        object_selected="#357a99"
        object_active="#1cadf4"
        text_keyframe="#ddd700"
        camera="#cccccc"
        empty="#cccccc"
        light="#cccccc28"
        speaker="#cccccc"
        vertex="#292929"
        vertex_select="#1cadf4"
        vertex_size="6"
        vertex_bevel="#0ec6ff"
        vertex_unreferenced="#404040"
        edge_select="#ffffff"
        edge_mode_select="#0095ff"
        edge_seam="#0077db"
        edge_sharp="#800055"
        edge_crease="#ad009d"
        edge_bevel="#00a449"
        edge_facesel="#4b4b4b"
        freestyle_edge_mark="#7fff7f"
        face="#18181812"
        face_select="#1c99f459"
        face_mode_select="#0024ff33"
        face_dot="#1cf4af"
        facedot_size="3"
        freestyle_face_mark="#7fff7f33"
        face_retopology="#50c8ff0f"
        face_back="#ff0000b3"
        face_front="#0000ffb3"
        nurb_uline="#1d8fff"
        nurb_vline="#803060"
        nurb_sel_uline="#f0ff40"
        nurb_sel_vline="#f090a0"
        act_spline="#1d8fff"
        handle_free="#181818"
        handle_auto="#909000"
        handle_vect="#409030"
        handle_sel_vect="#40c030"
        handle_align="#1d8fff"
        handle_sel_free="#181818"
        handle_sel_auto="#f0ff40"
        handle_sel_align="#1d8fff"
        lastsel_point="#1d8fff"
        extra_edge_len="#181818"
        extra_edge_angle="#181818"
        extra_face_angle="#002000"
        extra_face_area="#000080"
        editmesh_active="#ffdd3526"
        normal="#22dddd"
        vertex_normal="#407eff"
        split_normal="#ff4cff"
        bone_pose="#50c8ff"
        bone_pose_active="#cccccc"
        bone_solid="#c8c8c8"
        bone_locked_weight="#ff000080"
        bundle_solid="#c8c8c8"
        camera_path="#181818"
        camera_passepartout="#000000"
        skin_root="#181818"
        view_overlay="#181818"
        transform="#cccccc"
        frame_current="#60c040"
        paint_curve_handle="#7fff7f7f"
        paint_curve_pivot="#ff7f7f7f"
        outline_width="1"
        object_origin_size="6"
        >
        <space>
          <ThemeSpaceGradient
            title="#cccccc"
            text="#cccccc"
            text_hi="#cccccc"
            header="#525252ff"
            header_text="#cccccc"
            header_text_hi="#cccccc"
            button="#484848ff"
            button_title="#cccccc"
            button_text="#cccccc"
            button_text_hi="#484848"
            navigation_bar="#38383800"
            execution_buts="#18181800"
            tab_active="#484848"
            tab_inactive="#414141"
            tab_back="#383838ff"
            tab_outline="#383838ff"
            >
            <gradients>
              <ThemeGradientColors
                background_type="RADIAL"
                high_gradient="#0f0f0f"
                gradient="#020203"
                >
              </ThemeGradientColors>
            </gradients>
            <panelcolors>
              <ThemePanelColors
                header="#424242ff"
                back="#48484880"
                sub_back="#484848ff"
                >
              </ThemePanelColors>
            </panelcolors>
          </ThemeSpaceGradient>
        </space>
        <asset_shelf>
          <ThemeAssetShelf
            header_back="#1d1d1dff"
            back="#303030ff"
            >
          </ThemeAssetShelf>
        </asset_shelf>
      </ThemeView3D>
    </view_3d>
    <graph_editor>
      <ThemeGraphEditor
        grid="#5b6672"
        frame_current="#041720"
        time_scrub_background="#9296a5cc"
        time_marker_line="#18181860"
        time_marker_line_selected="#1cadf4ff"
        window_sliders="#969696"
        channels_region="#424242"
        dopesheet_channel="#424242"
        dopesheet_subchannel="#424242"
        channel_group="#424242"
        active_channels_group="#86570d"
        preview_range="#041720ff"
        vertex="#181818"
        vertex_select="#f4f4f4"
        vertex_active="#ffffff"
        vertex_size="8"
        vertex_bevel="#181818"
        vertex_unreferenced="#181818"
        handle_free="#181818"
        handle_auto="#359971"
        handle_vect="#409030"
        handle_sel_vect="#40c030"
        handle_align="#803060"
        handle_sel_free="#181818"
        handle_sel_auto="#f0ff40"
        handle_sel_align="#f090a0"
        handle_auto_clamped="#994030"
        handle_sel_auto_clamped="#f0af90"
        lastsel_point="#181818"
        handle_vertex="#181818"
        handle_vertex_select="#ffffff"
        handle_vertex_size="3"
        >
        <space>
          <ThemeSpaceGeneric
            back="#64777c"
            title="#cccccc"
            text="#303442"
            text_hi="#ffffff"
            header="#484848ff"
            header_text="#d4d4d4"
            header_text_hi="#ffffff"
            button="#484848ff"
            button_title="#cccccc"
            button_text="#cccccc"
            button_text_hi="#484848"
            navigation_bar="#38383800"
            execution_buts="#18181800"
            tab_active="#484848"
            tab_inactive="#414141"
            tab_back="#383838ff"
            tab_outline="#484848ff"
            >
            <panelcolors>
              <ThemePanelColors
                header="#484848ff"
                back="#48484880"
                sub_back="#484848ff"
                >
              </ThemePanelColors>
            </panelcolors>
          </ThemeSpaceGeneric>
        </space>
        <space_list>
          <ThemeSpaceListGeneric
            list="#484848"
            list_title="#181818"
            list_text="#cccccc"
            list_text_hi="#53c996"
            >
          </ThemeSpaceListGeneric>
        </space_list>
      </ThemeGraphEditor>
    </graph_editor>
    <file_browser>
      <ThemeFileBrowser
        selected_file="#1cadf4"
        row_alternate="#ffffff04"
        >
        <space>
          <ThemeSpaceGeneric
            back="#484848"
            title="#cccccc"
            text="#cccccc"
            text_hi="#cccccc"
            header="#383838ff"
            header_text="#cccccc"
            header_text_hi="#cccccc"
            button="#3f3f3fff"
            button_title="#cccccc"
            button_text="#cccccc"
            button_text_hi="#484848"
            navigation_bar="#38383800"
            execution_buts="#444444ff"
            tab_active="#484848"
            tab_inactive="#414141"
            tab_back="#383838ff"
            tab_outline="#484848ff"
            >
            <panelcolors>
              <ThemePanelColors
                header="#424242ff"
                back="#3f3f3fff"
                sub_back="#3f3f3fff"
                >
              </ThemePanelColors>
            </panelcolors>
          </ThemeSpaceGeneric>
        </space>
      </ThemeFileBrowser>
    </file_browser>
    <nla_editor>
      <ThemeNLAEditor
        grid="#5e5e5e"
        view_sliders="#969696"
        dopesheet_channel="#5a85b2"
        dopesheet_subchannel="#7d98b3"
        nla_track="#525252"
        active_action="#cc701a66"
        active_action_unset="#9987614d"
        preview_range="#cc701a66"
        strips="#181818"
        strips_selected="#1cf4af"
        transition_strips="#1c2630"
        transition_strips_selected="#2e75db"
        meta_strips="#332642"
        meta_strips_selected="#692196"
        sound_strips="#2b3d3d"
        sound_strips_selected="#1f7a7a"
        tweak="#4df31a"
        tweak_duplicate="#d90000"
        keyframe_border="#181818ff"
        keyframe_border_selected="#181818ff"
        frame_current="#c69345"
        time_scrub_background="#292929e6"
        time_marker_line="#18181860"
        time_marker_line_selected="#ffffff60"
        >
        <space>
          <ThemeSpaceGeneric
            back="#64707c"
            title="#cccccc"
            text="#a6a6a6"
            text_hi="#cccccc"
            header="#525252ff"
            header_text="#cccccc"
            header_text_hi="#cccccc"
            button="#484848ff"
            button_title="#cccccc"
            button_text="#cccccc"
            button_text_hi="#484848"
            navigation_bar="#38383800"
            execution_buts="#18181800"
            tab_active="#484848"
            tab_inactive="#414141"
            tab_back="#383838ff"
            tab_outline="#484848ff"
            >
            <panelcolors>
              <ThemePanelColors
                header="#424242ff"
                back="#484848ff"
                sub_back="#484848ff"
                >
              </ThemePanelColors>
            </panelcolors>
          </ThemeSpaceGeneric>
        </space>
        <space_list>
          <ThemeSpaceListGeneric
            list="#484848"
            list_title="#181818"
            list_text="#181818"
            list_text_hi="#ffffff"
            >
          </ThemeSpaceListGeneric>
        </space_list>
      </ThemeNLAEditor>
    </nla_editor>
    <dopesheet_editor>
      <ThemeDopeSheet
        grid="#5b6672"
        frame_current="#0f6087"
        time_scrub_background="#454545cc"
        time_marker_line="#18181860"
        time_marker_line_selected="#1cadf4ff"
        value_sliders="#181818"
        view_sliders="#969696"
        dopesheet_channel="#424242ff"
        dopesheet_subchannel="#424242ff"
        channels="#424242ff"
        channels_selected="#1cadf4ff"
        channel_group="#42424210"
        active_channels_group="#86570d57"
        long_key="#18181880"
        long_key_selected="#b9b9b9cc"
        keyframe="#bddae8"
        keyframe_selected="#1cadf4"
        keyframe_extreme="#e8b3cc"
        keyframe_extreme_selected="#f28080"
        keyframe_breakdown="#b3dbe8"
        keyframe_breakdown_selected="#54bfed"
        keyframe_jitter="#ace493"
        keyframe_jitter_selected="#61c042"
        keyframe_movehold="#5c5656"
        keyframe_movehold_selected="#1cf4af"
        keyframe_generated="#585858"
        keyframe_generated_selected="#a28962"
        keyframe_border="#18181880"
        keyframe_border_selected="#181818ff"
        keyframe_scale_factor="0.85"
        summary="#477768ff"
        preview_range="#20202080"
        interpolation_line="#94e575cc"
        simulated_frames="#721e65ff"
        >
        <space>
          <ThemeSpaceGeneric
            back="#393e46"
            title="#cccccc"
            text="#a3b2cc"
            text_hi="#cccccc"
            header="#202020ff"
            header_text="#a3b2cc"
            header_text_hi="#cccccc"
            button="#484848ff"
            button_title="#cccccc"
            button_text="#cccccc"
            button_text_hi="#484848"
            navigation_bar="#38383800"
            execution_buts="#18181800"
            tab_active="#484848"
            tab_inactive="#414141"
            tab_back="#383838ff"
            tab_outline="#484848ff"
            >
            <panelcolors>
              <ThemePanelColors
                header="#424242ff"
                back="#484848ff"
                sub_back="#484848ff"
                >
              </ThemePanelColors>
            </panelcolors>
          </ThemeSpaceGeneric>
        </space>
        <space_list>
          <ThemeSpaceListGeneric
            list="#484848"
            list_title="#181818"
            list_text="#cccccc"
            list_text_hi="#1cadf4"
            >
          </ThemeSpaceListGeneric>
        </space_list>
      </ThemeDopeSheet>
    </dopesheet_editor>
    <image_editor>
      <ThemeImageEditor
        grid="#303030ff"
        vertex="#eeeeee"
        vertex_select="#29ffb2"
        vertex_size="3"
        vertex_bevel="#eeeeee"
        vertex_unreferenced="#404040"
        face="#eeeeee0a"
        face_select="#29ffb23c"
        face_mode_select="#00000000"
        face_dot="#299eff"
        facedot_size="3"
        freestyle_face_mark="#18181800"
        face_retopology="#00000000"
        face_back="#18181800"
        face_front="#18181800"
        editmesh_active="#299eff1a"
        wire_edit="#c0c0c0"
        edge_width="1"
        edge_select="#ffffff"
        scope_back="#727272ff"
        preview_stitch_face="#1242b026"
        preview_stitch_edge="#ffa829b2"
        preview_stitch_vert="#ffa8297f"
        preview_stitch_stitchable="#00ff00ff"
        preview_stitch_unstitchable="#ff0000ff"
        preview_stitch_active="#e1d2c323"
        uv_shadow="#707070ff"
        frame_current="#60c040"
        metadatabg="#181818"
        metadatatext="#eeeeee"
        handle_free="#181818"
        handle_auto="#909000"
        handle_align="#803060"
        handle_sel_free="#181818"
        handle_sel_auto="#f0ff40"
        handle_sel_align="#f090a0"
        handle_auto_clamped="#181818"
        handle_sel_auto_clamped="#181818"
        handle_vertex="#181818"
        handle_vertex_select="#ffff00"
        handle_vertex_size="5"
        paint_curve_handle="#7fff7f7f"
        paint_curve_pivot="#ff7f7f7f"
        >
        <space>
          <ThemeSpaceGeneric
            back="#a3a3a3"
            title="#cccccc"
            text="#cccccc"
            text_hi="#cccccc"
            header="#525252ff"
            header_text="#888888"
            header_text_hi="#cccccc"
            button="#484848ff"
            button_title="#cccccc"
            button_text="#cccccc"
            button_text_hi="#484848"
            navigation_bar="#38383800"
            execution_buts="#18181800"
            tab_active="#484848"
            tab_inactive="#414141"
            tab_back="#383838ff"
            tab_outline="#484848ff"
            >
            <panelcolors>
              <ThemePanelColors
                header="#424242ff"
                back="#484848ff"
                sub_back="#484848ff"
                >
              </ThemePanelColors>
            </panelcolors>
          </ThemeSpaceGeneric>
        </space>
        <asset_shelf>
          <ThemeAssetShelf
            header_back="#1d1d1dff"
            back="#303030ff"
            >
          </ThemeAssetShelf>
        </asset_shelf>
      </ThemeImageEditor>
    </image_editor>
    <sequence_editor>
      <ThemeSequenceEditor
        grid="#5b6672"
        window_sliders="#a0a0a0"
        movie_strip="#4d6890"
        movieclip_strip="#8f4c4c"
        image_strip="#8f744b"
        scene_strip="#828f50"
        audio_strip="#4c8f8f"
        effect_strip="#598f4c"
        transition_strip="#50458f"
        color_strip="#8f8f8f"
        meta_strip="#5b4d91"
        mask_strip="#666666"
        text_strip="#824c8f"
        active_strip="#d9d9d9"
        selected_strip="#ff8f0d"
        frame_current="#c67f14"
        time_scrub_background="#444444ff"
        time_marker_line="#18181860"
        time_marker_line_selected="#f49c1cff"
        keyframe="#f49c1c"
        keyframe_selected="#ffbe33"
        keyframe_breakdown="#b3dbe8"
        keyframe_breakdown_selected="#54bfed"
        keyframe_movehold="#808080"
        keyframe_movehold_selected="#ffaf23"
        keyframe_generated="#000000"
        keyframe_generated_selected="#000000"
        keyframe_border="#000000ff"
        keyframe_border_selected="#000000ff"
        draw_action="#50c8ff"
        preview_back="#181818"
        metadatabg="#181818"
        metadatatext="#cccccc"
        preview_range="#a14d0066"
        row_alternate="#ffffff05"
        >
        <space>
          <ThemeSpaceGeneric
            back="#484848"
            title="#cccccc"
            text="#a6a6a6"
            text_hi="#cccccc"
            header="#525252ff"
            header_text="#cccccc"
            header_text_hi="#cccccc"
            button="#48484842"
            button_title="#cccccc"
            button_text="#cccccc"
            button_text_hi="#484848"
            navigation_bar="#38383800"
            execution_buts="#18181800"
            tab_active="#484848"
            tab_inactive="#414141"
            tab_back="#383838ff"
            tab_outline="#484848ff"
            >
            <panelcolors>
              <ThemePanelColors
                header="#424242ff"
                back="#484848ff"
                sub_back="#484848ff"
                >
              </ThemePanelColors>
            </panelcolors>
          </ThemeSpaceGeneric>
        </space>
        <space_list>
          <ThemeSpaceListGeneric
            list="#181818"
            list_title="#ffffff"
            list_text="#ffffff"
            list_text_hi="#ffffff"
            >
          </ThemeSpaceListGeneric>
        </space_list>
      </ThemeSequenceEditor>
    </sequence_editor>
    <properties>
      <ThemeProperties
        match="#4772b3"
        active_modifier="#4772b3ff"
        >
        <space>
          <ThemeSpaceGeneric
            back="#484848"
            title="#cccccc"
            text="#cccccc"
            text_hi="#cccccc"
            header="#525252ff"
            header_text="#888888"
            header_text_hi="#dff5ff"
            button="#484848ff"
            button_title="#cccccc"
            button_text="#cccccc"
            button_text_hi="#484848"
            navigation_bar="#3e3e3eff"
            execution_buts="#18181800"
            tab_active="#484848"
            tab_inactive="#414141"
            tab_back="#383838ff"
            tab_outline="#484848ff"
            >
            <panelcolors>
              <ThemePanelColors
                header="#424242ff"
                back="#484848ff"
                sub_back="#484848ff"
                >
              </ThemePanelColors>
            </panelcolors>
          </ThemeSpaceGeneric>
        </space>
      </ThemeProperties>
    </properties>
    <text_editor>
      <ThemeTextEditor
        line_numbers="#d0d0d0"
        line_numbers_background="#383838"
        selected_text="#005aa6"
        cursor="#cccccc"
        syntax_builtin="#f49c1c"
        syntax_symbols="#a5a5a5"
        syntax_special="#66d9ef"
        syntax_preprocessor="#a5a5a5"
        syntax_reserved="#a5a5a5"
        syntax_comment="#696969"
        syntax_string="#e6db5a"
        syntax_numbers="#c89927"
        >
        <space>
          <ThemeSpaceGeneric
            back="#383838"
            title="#cccccc"
            text="#a5a5a5"
            text_hi="#cccccc"
            header="#525252ff"
            header_text="#cccccc"
            header_text_hi="#cccccc"
            button="#484848ff"
            button_title="#cccccc"
            button_text="#cccccc"
            button_text_hi="#484848"
            navigation_bar="#38383800"
            execution_buts="#18181800"
            tab_active="#484848"
            tab_inactive="#414141"
            tab_back="#383838ff"
            tab_outline="#484848ff"
            >
            <panelcolors>
              <ThemePanelColors
                header="#424242ff"
                back="#484848ff"
                sub_back="#484848ff"
                >
              </ThemePanelColors>
            </panelcolors>
          </ThemeSpaceGeneric>
        </space>
      </ThemeTextEditor>
    </text_editor>
    <node_editor>
      <ThemeNodeEditor
        grid="#282828"
        node_selected="#359971"
        node_active="#1cf4af"
        wire="#484848ff"
        wire_inner="#a3a3a3"
        wire_select="#a3a3a3b3"
        selected_text="#1cf4af"
        node_backdrop="#484848ff"
        converter_node="#383838"
        color_node="#383838"
        group_node="#383838"
        group_socket_node="#383838"
        frame_node="#383838ff"
        matte_node="#383838"
        distor_node="#383838"
        noodle_curving="5"
        grid_levels="1"
        dash_alpha="0.5"
        input_node="#383838"
        output_node="#383838"
        filter_node="#383838"
        vector_node="#383838"
        texture_node="#383838"
        shader_node="#383838"
        script_node="#383838"
        pattern_node="#383838"
        layout_node="#383838"
        geometry_node="#00d6a3"
        attribute_node="#001566"
        simulation_zone="#66416233"
        repeat_zone="#76512f33"
        >
        <space>
          <ThemeSpaceGeneric
            back="#64707c"
            title="#cccccc"
            text="#cccccc"
            text_hi="#cccccc"
            header="#525252ff"
            header_text="#cccccc"
            header_text_hi="#cccccc"
            button="#484848ff"
            button_title="#cccccc"
            button_text="#cccccc"
            button_text_hi="#484848"
            navigation_bar="#38383800"
            execution_buts="#18181800"
            tab_active="#484848"
            tab_inactive="#414141"
            tab_back="#383838ff"
            tab_outline="#484848ff"
            >
            <panelcolors>
              <ThemePanelColors
                header="#424242ff"
                back="#484848ff"
                sub_back="#484848ff"
                >
              </ThemePanelColors>
            </panelcolors>
          </ThemeSpaceGeneric>
        </space>
        <space_list>
          <ThemeSpaceListGeneric
            list="#484848"
            list_title="#181818"
            list_text="#181818"
            list_text_hi="#ffffff"
            >
          </ThemeSpaceListGeneric>
        </space_list>
      </ThemeNodeEditor>
    </node_editor>
    <outliner>
      <ThemeOutliner
        match="#336c7f"
        selected_highlight="#353b41"
        active="#404850"
        selected_object="#ffffff"
        active_object="#93fff2"
        edited_object="#003b8066"
        row_alternate="#ffffff07"
        >
        <space>
          <ThemeSpaceGeneric
            back="#7e8990"
            title="#cccccc"
            text="#181818"
            text_hi="#f49c1c"
            header="#525252ff"
            header_text="#888888"
            header_text_hi="#cccccc"
            button="#727272ff"
            button_title="#cccccc"
            button_text="#cccccc"
            button_text_hi="#484848"
            navigation_bar="#38383800"
            execution_buts="#18181800"
            tab_active="#484848"
            tab_inactive="#414141"
            tab_back="#383838ff"
            tab_outline="#484848ff"
            >
            <panelcolors>
              <ThemePanelColors
                header="#424242ff"
                back="#484848ff"
                sub_back="#484848ff"
                >
              </ThemePanelColors>
            </panelcolors>
          </ThemeSpaceGeneric>
        </space>
      </ThemeOutliner>
    </outliner>
    <info>
      <ThemeInfo
        info_selected="#404850"
        info_selected_text="#359971"
        info_error="#181818ff"
        info_error_text="#ff453a"
        info_warning="#f5bc41ff"
        info_warning_text="#181818"
        info_info="#181818ff"
        info_info_text="#cccccc"
        info_debug="#181818ff"
        info_debug_text="#cccccc"
        info_property="#181818ff"
        info_property_text="#cccccc"
        info_operator="#181818ff"
        info_operator_text="#82d38a"
        >
        <space>
          <ThemeSpaceGeneric
            back="#7e8990"
            title="#c8c6c9"
            text="#282828"
            text_hi="#cccccc"
            header="#525252ff"
            header_text="#cccccc"
            header_text_hi="#cccccc"
            button="#484848ff"
            button_title="#cccccc"
            button_text="#cccccc"
            button_text_hi="#484848"
            navigation_bar="#38383800"
            execution_buts="#18181800"
            tab_active="#484848"
            tab_inactive="#414141"
            tab_back="#383838ff"
            tab_outline="#484848ff"
            >
            <panelcolors>
              <ThemePanelColors
                header="#424242ff"
                back="#484848ff"
                sub_back="#484848ff"
                >
              </ThemePanelColors>
            </panelcolors>
          </ThemeSpaceGeneric>
        </space>
      </ThemeInfo>
    </info>
    <preferences>
      <ThemePreferences>
        <space>
          <ThemeSpaceGeneric
            back="#404040"
            title="#cccccc"
            text="#cccccc"
            text_hi="#cccccc"
            header="#363636ff"
            header_text="#cccccc"
            header_text_hi="#cccccc"
            button="#484848ff"
            button_title="#cccccc"
            button_text="#cccccc"
            button_text_hi="#484848"
            navigation_bar="#484848ff"
            execution_buts="#4b4b4bff"
            tab_active="#484848"
            tab_inactive="#414141"
            tab_back="#383838ff"
            tab_outline="#484848ff"
            >
            <panelcolors>
              <ThemePanelColors
                header="#424242ff"
                back="#484848a6"
                sub_back="#484848ff"
                >
              </ThemePanelColors>
            </panelcolors>
          </ThemeSpaceGeneric>
        </space>
      </ThemePreferences>
    </preferences>
    <console>
      <ThemeConsole
        line_output="#282828"
        line_input="#cccccc"
        line_info="#1cf4af"
        line_error="#dc6060"
        cursor="#dc6060"
        select="#f49c1c30"
        >
        <space>
          <ThemeSpaceGeneric
            back="#64707c"
            title="#cccccc"
            text="#cccccc"
            text_hi="#cccccc"
            header="#525252ff"
            header_text="#cccccc"
            header_text_hi="#cccccc"
            button="#484848ff"
            button_title="#cccccc"
            button_text="#cccccc"
            button_text_hi="#484848"
            navigation_bar="#38383800"
            execution_buts="#18181800"
            tab_active="#484848"
            tab_inactive="#414141"
            tab_back="#383838ff"
            tab_outline="#484848ff"
            >
            <panelcolors>
              <ThemePanelColors
                header="#424242ff"
                back="#484848ff"
                sub_back="#484848ff"
                >
              </ThemePanelColors>
            </panelcolors>
          </ThemeSpaceGeneric>
        </space>
      </ThemeConsole>
    </console>
    <clip_editor>
      <ThemeClipEditor
        grid="#000000ff"
        marker_outline="#181818"
        marker="#7f7f00"
        active_marker="#cccccc"
        selected_marker="#ffff00"
        disabled_marker="#7f0000"
        locked_marker="#7f7f7f"
        path_before="#ff0000"
        path_after="#0000ff"
        path_keyframe_before="#ffc4c4"
        path_keyframe_after="#c4c4ff"
        frame_current="#c69345"
        time_scrub_background="#292929e6"
        time_marker_line="#18181860"
        time_marker_line_selected="#ffffff60"
        strips="#181818"
        strips_selected="#ff8c00"
        metadatabg="#181818"
        metadatatext="#ffffff"
        handle_free="#181818"
        handle_auto="#909000"
        handle_align="#803060"
        handle_sel_free="#181818"
        handle_sel_auto="#f0ff40"
        handle_sel_align="#f090a0"
        handle_auto_clamped="#181818"
        handle_sel_auto_clamped="#181818"
        handle_vertex="#181818"
        handle_vertex_select="#ffff00"
        handle_vertex_size="4"
        >
        <space>
          <ThemeSpaceGeneric
            back="#2d3236"
            title="#cccccc"
            text="#a6a6a6"
            text_hi="#cccccc"
            header="#525252ff"
            header_text="#cccccc"
            header_text_hi="#cccccc"
            button="#484848ff"
            button_title="#cccccc"
            button_text="#cccccc"
            button_text_hi="#484848"
            navigation_bar="#38383800"
            execution_buts="#18181800"
            tab_active="#484848"
            tab_inactive="#414141"
            tab_back="#383838ff"
            tab_outline="#484848ff"
            >
            <panelcolors>
              <ThemePanelColors
                header="#424242ff"
                back="#484848ff"
                sub_back="#484848ff"
                >
              </ThemePanelColors>
            </panelcolors>
          </ThemeSpaceGeneric>
        </space>
        <space_list>
          <ThemeSpaceListGeneric
            list="#666666"
            list_title="#181818"
            list_text="#000000"
            list_text_hi="#cccccc"
            >
          </ThemeSpaceListGeneric>
        </space_list>
      </ThemeClipEditor>
    </clip_editor>
    <topbar>
      <ThemeTopBar>
        <space>
          <ThemeSpaceGeneric
            back="#484848"
            title="#cccccc"
            text="#cccccc"
            text_hi="#cccccc"
            header="#303030ff"
            header_text="#cccccc"
            header_text_hi="#cccccc"
            button="#383838ff"
            button_title="#cccccc"
            button_text="#cccccc"
            button_text_hi="#cccccc"
            navigation_bar="#38383800"
            execution_buts="#18181800"
            tab_active="#383838"
            tab_inactive="#383838"
            tab_back="#383838ff"
            tab_outline="#383838ff"
            >
            <panelcolors>
              <ThemePanelColors
                header="#424242ff"
                back="#484848ff"
                sub_back="#484848ff"
                >
              </ThemePanelColors>
            </panelcolors>
          </ThemeSpaceGeneric>
        </space>
      </ThemeTopBar>
    </topbar>
    <statusbar>
      <ThemeStatusBar>
        <space>
          <ThemeSpaceGeneric
            back="#484848"
            title="#cccccc"
            text="#cccccc"
            text_hi="#cccccc"
            header="#383838ff"
            header_text="#a7a7a7"
            header_text_hi="#cccccc"
            button="#ccccccff"
            button_title="#cccccc"
            button_text="#181818"
            button_text_hi="#cccccc"
            navigation_bar="#38383800"
            execution_buts="#00000000"
            tab_active="#383838"
            tab_inactive="#383838"
            tab_back="#383838ff"
            tab_outline="#383838ff"
            >
            <panelcolors>
              <ThemePanelColors
                header="#424242ff"
                back="#484848ff"
                sub_back="#484848ff"
                >
              </ThemePanelColors>
            </panelcolors>
          </ThemeSpaceGeneric>
        </space>
      </ThemeStatusBar>
    </statusbar>
    <spreadsheet>
      <ThemeSpreadsheet
        row_alternate="#ffffff04"
        >
        <space>
          <ThemeSpaceGeneric
            back="#282828"
            title="#ffffff"
            text="#c3c3c3"
            text_hi="#ffffff"
            header="#303030b3"
            header_text="#eeeeee"
            header_text_hi="#ffffff"
            button="#30303000"
            button_title="#ffffff"
            button_text="#cccccc"
            button_text_hi="#ffffff"
            navigation_bar="#1d1d1dff"
            execution_buts="#303030ff"
            tab_active="#303030"
            tab_inactive="#1d1d1d"
            tab_back="#181818ff"
            tab_outline="#3d3d3dff"
            >
            <panelcolors>
              <ThemePanelColors
                header="#3d3d3dff"
                back="#3d3d3dff"
                sub_back="#0000001f"
                >
              </ThemePanelColors>
            </panelcolors>
          </ThemeSpaceGeneric>
        </space>
        <space_list>
          <ThemeSpaceListGeneric
            list="#303030"
            list_title="#c3c3c3"
            list_text="#b8b8b8"
            list_text_hi="#ffaf23"
            >
          </ThemeSpaceListGeneric>
        </space_list>
      </ThemeSpreadsheet>
    </spreadsheet>
    <bone_color_sets>
      <ThemeBoneColorSet
        normal="#ffa98b"
        select="#ffb6a8"
        active="#ffb6a8"
        show_colored_constraints="FALSE"
        >
      </ThemeBoneColorSet>
      <ThemeBoneColorSet
        normal="#f7daa4"
        select="#f7c2b1"
        active="#f7c2b1"
        show_colored_constraints="FALSE"
        >
      </ThemeBoneColorSet>
      <ThemeBoneColorSet
        normal="#94ff7e"
        select="#b8efa8"
        active="#b8efa8"
        show_colored_constraints="FALSE"
        >
      </ThemeBoneColorSet>
      <ThemeBoneColorSet
        normal="#c2c6ff"
        select="#8fdbff"
        active="#8fdbff"
        show_colored_constraints="FALSE"
        >
      </ThemeBoneColorSet>
      <ThemeBoneColorSet
        normal="#ff9dd7"
        select="#ff9edc"
        active="#ff9edc"
        show_colored_constraints="FALSE"
        >
      </ThemeBoneColorSet>
      <ThemeBoneColorSet
        normal="#cc95ff"
        select="#d9a9ff"
        active="#d9a9ff"
        show_colored_constraints="FALSE"
        >
      </ThemeBoneColorSet>
      <ThemeBoneColorSet
        normal="#93f2c6"
        select="#85dace"
        active="#85dace"
        show_colored_constraints="FALSE"
        >
      </ThemeBoneColorSet>
      <ThemeBoneColorSet
        normal="#7bb3c9"
        select="#a4cfdb"
        active="#a4cfdb"
        show_colored_constraints="FALSE"
        >
      </ThemeBoneColorSet>
      <ThemeBoneColorSet
        normal="#ffd10c"
        select="#becb00"
        active="#becb00"
        show_colored_constraints="FALSE"
        >
      </ThemeBoneColorSet>
      <ThemeBoneColorSet
        normal="#585858"
        select="#afafaf"
        active="#afafaf"
        show_colored_constraints="FALSE"
        >
      </ThemeBoneColorSet>
      <ThemeBoneColorSet
        normal="#df9aff"
        select="#dd9aff"
        active="#dd9aff"
        show_colored_constraints="FALSE"
        >
      </ThemeBoneColorSet>
      <ThemeBoneColorSet
        normal="#afe735"
        select="#aad851"
        active="#aad851"
        show_colored_constraints="FALSE"
        >
      </ThemeBoneColorSet>
      <ThemeBoneColorSet
        normal="#d6d6d6"
        select="#e0e0e0"
        active="#e0e0e0"
        show_colored_constraints="FALSE"
        >
      </ThemeBoneColorSet>
      <ThemeBoneColorSet
        normal="#ffaa88"
        select="#ffac8e"
        active="#ffac8e"
        show_colored_constraints="FALSE"
        >
      </ThemeBoneColorSet>
      <ThemeBoneColorSet
        normal="#35df4a"
        select="#35d846"
        active="#35d846"
        show_colored_constraints="FALSE"
        >
      </ThemeBoneColorSet>
      <ThemeBoneColorSet
        normal="#787878"
        select="#787878"
        active="#aeaeae"
        show_colored_constraints="FALSE"
        >
      </ThemeBoneColorSet>
      <ThemeBoneColorSet
        normal="#000000"
        select="#000000"
        active="#000000"
        show_colored_constraints="FALSE"
        >
      </ThemeBoneColorSet>
      <ThemeBoneColorSet
        normal="#000000"
        select="#000000"
        active="#000000"
        show_colored_constraints="FALSE"
        >
      </ThemeBoneColorSet>
      <ThemeBoneColorSet
        normal="#000000"
        select="#000000"
        active="#000000"
        show_colored_constraints="FALSE"
        >
      </ThemeBoneColorSet>
      <ThemeBoneColorSet
        normal="#000000"
        select="#000000"
        active="#000000"
        show_colored_constraints="FALSE"
        >
      </ThemeBoneColorSet>
    </bone_color_sets>
    <collection_color>
      <ThemeCollectionColor
        color="#e2605b"
        >
      </ThemeCollectionColor>
      <ThemeCollectionColor
        color="#f1a355"
        >
      </ThemeCollectionColor>
      <ThemeCollectionColor
        color="#f1dc55"
        >
      </ThemeCollectionColor>
      <ThemeCollectionColor
        color="#7bcc7b"
        >
      </ThemeCollectionColor>
      <ThemeCollectionColor
        color="#5db6ea"
        >
      </ThemeCollectionColor>
      <ThemeCollectionColor
        color="#8d59da"
        >
      </ThemeCollectionColor>
      <ThemeCollectionColor
        color="#c673b8"
        >
      </ThemeCollectionColor>
      <ThemeCollectionColor
        color="#7a5441"
        >
      </ThemeCollectionColor>
    </collection_color>
    <strip_color>
      <ThemeStripColor
        color="#e2605b"
        >
      </ThemeStripColor>
      <ThemeStripColor
        color="#f1a355"
        >
      </ThemeStripColor>
      <ThemeStripColor
        color="#f1dc55"
        >
      </ThemeStripColor>
      <ThemeStripColor
        color="#7bcc7b"
        >
      </ThemeStripColor>
      <ThemeStripColor
        color="#5db6ea"
        >
      </ThemeStripColor>
      <ThemeStripColor
        color="#8d59da"
        >
      </ThemeStripColor>
      <ThemeStripColor
        color="#c673b8"
        >
      </ThemeStripColor>
      <ThemeStripColor
        color="#7a5441"
        >
      </ThemeStripColor>
      <ThemeStripColor
        color="#5f5f5f"
        >
      </ThemeStripColor>
    </strip_color>
  </Theme>
  <ThemeStyle>
    <panel_title>
      <ThemeFontStyle
        points="10"
        character_weight="400"
        shadow="5"
        shadow_offset_x="0"
        shadow_offset_y="-2"
        shadow_alpha="0.3"
        shadow_value="0"
        >
      </ThemeFontStyle>
    </panel_title>
    <widget_label>
      <ThemeFontStyle
        points="9"
        character_weight="600"
        shadow="3"
        shadow_offset_x="0"
        shadow_offset_y="-2"
        shadow_alpha="0.05"
        shadow_value="1"
        >
      </ThemeFontStyle>
    </widget_label>
    <widget>
      <ThemeFontStyle
        points="9"
        character_weight="500"
        shadow="1"
        shadow_offset_x="0"
        shadow_offset_y="-2"
        shadow_alpha="0.05"
        shadow_value="0"
        >
      </ThemeFontStyle>
    </widget>
  </ThemeStyle>
</bpy>
